versionUri	date	author_ar	author_lat	book	title_ar	title_lat	ed_info	id	status	tok_length	url	tags	author_from_uri	author_lat_shuhra	author_lat_full_name	char_length
0150AbuHanifa.Wasiyya.ShamAY0035261-ara1	0150	أبو حنيفة ::  أبو حنيفة النعمان بن ثابت بن زوطا الفارسي	Abu Hanifa :: Abū Ḥanīfaŧ ::  Abū Ḥanīfaŧ al-Nuʿmān b. Ṯābit b. Zūṭā al-Fārisī	0150AbuHanifa.Wasiyya	وصية الإمام الأعظم أبي حنيفة :: وصية الإمام الأعظم ابي حنيفة :: وصية الإمام الأعظم أبي حنيفة 	Wasiyya	الدكتور جميل عبد الله عويضة	ShamAY0035261	pri	4583	https://raw.githubusercontent.com/OpenITI/0150AH/master/data/0150AbuHanifa/0150AbuHanifa.Wasiyya/0150AbuHanifa.Wasiyya.ShamAY0035261-ara1	 :: ShamAY@العقيدة - مرقم آليا :: born@Iraq_RE :: born@KUFA_443E320N_S	Abu Hanifa	Abū Ḥanīfaŧ	 Abū Ḥanīfaŧ al-Nuʿmān b. Ṯābit b. Zūṭā al-Fārisī	18911
0179MalikIbnAnas.Muwatta.JK000466-ara1	0179	مالك بن أنس أبو عبدالله الأصبحي :: مالك	Malik Ibn Anas	0179MalikIbnAnas.Muwatta	موطأ الإمام مالك :: موطأ مالك	Muwatta	محمد فؤاد عبد الباقي :: مصر :: - :: دار إحياء التراث العربي	JK000466	sec	148535	https://raw.githubusercontent.com/OpenITI/0200AH/master/data/0179MalikIbnAnas/0179MalikIbnAnas.Muwatta/0179MalikIbnAnas.Muwatta.JK000466-ara1	CENT0200 :: _FIQH :: _HADITH :: _MALIKI :: _TARAJIM :: GAL@period-classical :: GAL@literature-islamic :: GAL@0750-1000CE :: GAL@malikis :: GAL@literature-arabic :: GAL@fiqh :: JK@الفقه المالكي :: JK@المصنفات والآثار :: JK@كتب الحديث النبوي الشريف وتراجم الرواة :: JK@كتب المصنفات والآثار :: born@JaziratArab_RE :: born@MADINA_396E244N_S	Malik Ibn Anas			556682
0179MalikIbnAnas.Muwatta.ShamAY0033921-ara1	0179	الإمام مالك بن أنس (179 ه) :: مالك بن أنس :: مالك بن أنس بن مالك بن عامر الأصبحي المدني	Malik Ibn Anas	0179MalikIbnAnas.Muwatta	الموطأ برواية ابن القاسم - ت المالكي :: موطأ الإمام مالك بن أنس رواية ابن القاسم  :: موطأ الإمام مالك بن أنس رواية ابن القاسم	Muwatta	السيد محمد بن علوي بن عباس المالكي :: الأولى 1425 ه - 2004 م :: منشورات المجمع الثقافي، أبو ظبي - الإمارات	ShamAY0033921	sec	33201	https://raw.githubusercontent.com/OpenITI/0200AH/master/data/0179MalikIbnAnas/0179MalikIbnAnas.Muwatta/0179MalikIbnAnas.Muwatta.ShamAY0033921-ara1	 :: ShamAY@متون الحديث :: born@JaziratArab_RE :: born@MADINA_396E244N_S	Malik Ibn Anas			126662
0179MalikIbnAnas.Muwatta.ShamAY0033922-ara1	0179	الإمام مالك بن أنس (179 ه) :: مالك بن أنس :: مالك بن أنس بن مالك بن عامر الأصبحي المدني	Malik Ibn Anas	0179MalikIbnAnas.Muwatta	موطأ الإمام مالك برواية ابن زياد  :: موطأ الإمام مالك برواية ابن زياد :: الموطأ برواية ابن زياد - ط الغرب الإسلامي	Muwatta	الشيخ محمد الشاذلي النيفر :: الرابعة 1982 :: دار الغرب الإسلامي	ShamAY0033922	sec	5782	https://raw.githubusercontent.com/OpenITI/0200AH/master/data/0179MalikIbnAnas/0179MalikIbnAnas.Muwatta/0179MalikIbnAnas.Muwatta.ShamAY0033922-ara1	 :: ShamAY@متون الحديث :: born@JaziratArab_RE :: born@MADINA_396E244N_S	Malik Ibn Anas			21792
0179MalikIbnAnas.Muwatta.ShamAY0033923-ara1	0179	الإمام مالك بن أنس (179 ه) :: الواحدي :: مالك بن أنس :: مالك بن أنس بن مالك بن عامر الأصبحي المدني	Malik Ibn Anas	0179MalikIbnAnas.Muwatta	موطأ الإمام مالك رواية سويدبن سعيد الحدثاني  :: موطأ الإمام مالك رواية سويدبن سعيد الحدثاني :: الموطأ برواية سويد الحدثاني - ط الغرب الإسلامي	Muwatta	عبد المجيد تركي :: الأولى 1994 :: دار الغرب الإسلامي	ShamAY0033923	sec	87307	https://raw.githubusercontent.com/OpenITI/0200AH/master/data/0179MalikIbnAnas/0179MalikIbnAnas.Muwatta/0179MalikIbnAnas.Muwatta.ShamAY0033923-ara1	 :: ShamAY@متون الحديث :: born@JaziratArab_RE :: born@MADINA_396E244N_S	Malik Ibn Anas			331719
0179MalikIbnAnas.Muwatta.ShamAY0033991-ara1	0179	مالك بن أنس الأصبحي :: مالك بن أنس :: مالك بن أنس بن مالك بن عامر الأصبحي المدني	Malik Ibn Anas	0179MalikIbnAnas.Muwatta	الموطأ (أبواب البيوع) :: الموطأ لمالك بن أنس رواية عبد الرحمن بن القاسم (أبواب البيوع) :: الموطأ (أبواب البيوع) 	Muwatta	ميكلوش موراني :: الأولى، 1433 ه - 2012 م :: دار البشائر الإسلامية - بيروت	ShamAY0033991	sec	13377	https://raw.githubusercontent.com/OpenITI/0200AH/master/data/0179MalikIbnAnas/0179MalikIbnAnas.Muwatta/0179MalikIbnAnas.Muwatta.ShamAY0033991-ara1	 :: ShamAY@متون الحديث :: born@JaziratArab_RE :: born@MADINA_396E244N_S	Malik Ibn Anas			51578
0179MalikIbnAnas.Muwatta.Shamela0001699-ara1	0179	مالك بن أنس بن مالك بن عامر الأصبحي المدني (المتوفى: 179هـ)	Malik Ibn Anas	0179MalikIbnAnas.Muwatta	موطأ الإمام مالك	Muwatta	1406 هـ - 1985 م :: دار إحياء التراث العربي، بيروت - لبنان :: http://www.worldcat.org/oclc/1103834751	Shamela0001699	sec	146475	https://raw.githubusercontent.com/OpenITI/0200AH/master/data/0179MalikIbnAnas/0179MalikIbnAnas.Muwatta/0179MalikIbnAnas.Muwatta.Shamela0001699-ara1.completed	COMPLETED :: CENT0200 :: _FIQH :: _HADITH :: _MALIKI :: _TARAJIM :: GAL@period-classical :: GAL@literature-islamic :: GAL@0750-1000CE :: GAL@malikis :: GAL@literature-arabic :: GAL@fiqh :: PAGINATION :: HTML_TAGS :: Shamela@متون الحديث :: born@JaziratArab_RE :: born@MADINA_396E244N_S	Malik Ibn Anas			555218
0179MalikIbnAnas.Muwatta.Shamela0008140-ara1	0179	مالك بن أنس بن مالك بن عامر الأصبحي المدني (المتوفى: 179هـ)	Malik Ibn Anas	0179MalikIbnAnas.Muwatta	موطأ الإمام مالك	Muwatta	بشار عواد معروف - محمود خليل :: 1412 هـ :: مؤسسة الرسالة :: http://www.worldcat.org/oclc/235998709	Shamela0008140	sec	155405	https://raw.githubusercontent.com/OpenITI/0200AH/master/data/0179MalikIbnAnas/0179MalikIbnAnas.Muwatta/0179MalikIbnAnas.Muwatta.Shamela0008140-ara1.completed	COMPLETED :: CENT0200 :: _FIQH :: _HADITH :: _MALIKI :: _TARAJIM :: GAL@period-classical :: GAL@literature-islamic :: GAL@0750-1000CE :: GAL@malikis :: GAL@literature-arabic :: GAL@fiqh :: PAGINATION :: HTML_TAGS :: EDITORIAL_SECTIONS :: Shamela@متون الحديث :: born@JaziratArab_RE :: born@MADINA_396E244N_S	Malik Ibn Anas			593090
0179MalikIbnAnas.Muwatta.Shamela0016050-ara1	0179	مالك بن أنس بن مالك بن عامر الأصبحي المدني (المتوفى: 179هـ)	Malik Ibn Anas	0179MalikIbnAnas.Muwatta	موطأ مالك برواية محمد بن الحسن الشيباني	Muwatta	عبد الوهاب عبد اللطيف :: المكتبة العلمية :: http://www.worldcat.org/oclc/4771133648	Shamela0016050	sec	63443	https://raw.githubusercontent.com/OpenITI/0200AH/master/data/0179MalikIbnAnas/0179MalikIbnAnas.Muwatta/0179MalikIbnAnas.Muwatta.Shamela0016050-ara1.completed	COMPLETED :: CENT0200 :: _HADITH :: GAL@period-classical :: GAL@literature-islamic :: GAL@0750-1000CE :: GAL@malikis :: GAL@literature-arabic :: GAL@fiqh :: PAGINATION :: MISSING_PARTS :: Shamela@متون الحديث :: born@JaziratArab_RE :: born@MADINA_396E244N_S	Malik Ibn Anas			245804
0179MalikIbnAnas.Muwatta.Shamela0028107-ara1	0179	مالك بن أنس بن مالك بن عامر الأصبحي المدني (المتوفى: 179هـ)	Malik Ibn Anas	0179MalikIbnAnas.Muwatta	الموطأ	Muwatta	محمد مصطفى الأعظمي :: مؤسسة زايد بن سلطان آل نهيان للأعمال الخيرية والإنسانية - أبو ظبي - الإمارات :: http://www.worldcat.org/oclc/1006303916	Shamela0028107	pri	238893	https://raw.githubusercontent.com/OpenITI/0200AH/master/data/0179MalikIbnAnas/0179MalikIbnAnas.Muwatta/0179MalikIbnAnas.Muwatta.Shamela0028107-ara1.completed	COMPLETED :: CENT0200 :: _FIQH :: _HADITH :: _MALIKI :: _TARAJIM :: GAL@period-classical :: GAL@literature-islamic :: GAL@0750-1000CE :: GAL@malikis :: GAL@literature-arabic :: GAL@fiqh :: PAGINATION :: HTML_TAGS :: EDITORIAL_SECTIONS :: Shamela@متون الحديث :: born@JaziratArab_RE :: born@MADINA_396E244N_S	Malik Ibn Anas			922987
0179MalikIbnAnas.Muwatta.Shia000901Vols-ara1	0179	الإمام مالك	Malik Ibn Anas	0179MalikIbnAnas.Muwatta	كتاب الموطأ	Muwatta	تصحيح وتعليق : محمد فؤاد عبد الباقي :: 1406 - 1985 م	Shia000901Vols	sec	213510	https://raw.githubusercontent.com/OpenITI/0200AH/master/data/0179MalikIbnAnas/0179MalikIbnAnas.Muwatta/0179MalikIbnAnas.Muwatta.Shia000901Vols-ara1	CENT0200 :: _FIQH :: _HADITH :: _MALIKI :: _TARAJIM :: GAL@period-classical :: GAL@literature-islamic :: GAL@0750-1000CE :: GAL@malikis :: GAL@literature-arabic :: GAL@fiqh :: Shia@فقه المذهب المالكي :: born@JaziratArab_RE :: born@MADINA_396E244N_S	Malik Ibn Anas			837418
0463IbnCabdBarr.IstidhkarJamic.JK001503-ara1	0463	ابن عبد البر ::  أبو عمر يوسف بن عبد الله بن محمد بن عبد البر القرطبي النمري	Ibn Cabd Barr :: Ibn ʿAbd al-Barr ::  Abū ʿUmar Yūsuf b. ʿAbd Allāh b. Muḥammad b. ʿAbd al-Barr al-Qurṭubī al-Namarī	0463IbnCabdBarr.IstidhkarJamic	الاستذكار :: الاستذكار الجامع لمذاهب فقهاء الأمصار	Istidhkar Jamic	سالم محمد عطا-محمد علي معوض :: بيروت :: 2000م :: دار الكتب العلمية	JK001503	sec	1131885	https://raw.githubusercontent.com/OpenITI/0475AH/master/data/0463IbnCabdBarr/0463IbnCabdBarr.IstidhkarJamic/0463IbnCabdBarr.IstidhkarJamic.JK001503-ara1	CENT0500 :: _FIQH :: _HADITH :: _MALIKI :: _SHARH :: _SUNNI :: GAL@literature-islamic :: GAL@1000-1258CE :: GAL@hadith :: GAL@literature-arabic :: GAL@period-postclassical :: GAL@spain :: JK@الفقه المالكي :: JK@كتب الفقه الإسلامي :: JK@كتب المصنفات والآثار :: born@QURTUBA_047W379N_S :: born@Andalus_RE :: died@SHATIBA_005W389N_S :: resided@QURTUBA_047W379N_S :: resided@DANIYA_001E388N_S :: resided@LISHBUNA_091W387N_S :: resided@SHANTARIN_087W392N_S :: resided@BALANSIYYA_004W394N_S :: resided@SHATIBA_005W389N_S :: visited@ISHBILIYYA_059W374N_S :: visited@BATALYUS_069W388N_S	Ibn Cabd Barr	Ibn ʿAbd al-Barr	 Abū ʿUmar Yūsuf b. ʿAbd Allāh b. Muḥammad b. ʿAbd al-Barr al-Qurṭubī al-Namarī	4421906
0463IbnCabdBarr.IstidhkarJamic.ShamAY0033530-ara1	0463	ابن عبد البر ::  أبو عمر يوسف بن عبد الله بن محمد بن عبد البر القرطبي النمري	Ibn Cabd Barr :: Ibn ʿAbd al-Barr ::  Abū ʿUmar Yūsuf b. ʿAbd Allāh b. Muḥammad b. ʿAbd al-Barr al-Qurṭubī al-Namarī	0463IbnCabdBarr.IstidhkarJamic	الاستذكار الجامع لمذاهب فقهاء الأمصار - ت: قلعجي :: الاستذكار الجامع لمذاهب فقهاء الأمصار وعلماء الأقطار فيما تضمنه الموطأ من معاني الرأي والآثار وشرح ذلك كله بالإيجاز والإختصار. :: الاستذكار الجامع لمذاهب فقهاء الأمصار وعلماء الأقطار فيما تضمنه الموطأ من معاني الرأي والآثار وشرح ذلك كله بالإيجاز والإختصار. 	Istidhkar Jamic	عبد المعطي أمين قلعجي. :: الأولى 1414ه - 1993م :: دار قتيبة - دمشق | دار الوعي - حلب	ShamAY0033530	sec	1130393	https://raw.githubusercontent.com/OpenITI/0475AH/master/data/0463IbnCabdBarr/0463IbnCabdBarr.IstidhkarJamic/0463IbnCabdBarr.IstidhkarJamic.ShamAY0033530-ara1	 :: ShamAY@شروح الحديث :: born@QURTUBA_047W379N_S :: born@Andalus_RE :: died@SHATIBA_005W389N_S :: resided@QURTUBA_047W379N_S :: resided@DANIYA_001E388N_S :: resided@LISHBUNA_091W387N_S :: resided@SHANTARIN_087W392N_S :: resided@BALANSIYYA_004W394N_S :: resided@SHATIBA_005W389N_S :: visited@ISHBILIYYA_059W374N_S :: visited@BATALYUS_069W388N_S	Ibn Cabd Barr	Ibn ʿAbd al-Barr	 Abū ʿUmar Yūsuf b. ʿAbd Allāh b. Muḥammad b. ʿAbd al-Barr al-Qurṭubī al-Namarī	4431081
0463IbnCabdBarr.IstidhkarJamic.Shamela0001722-ara1	0463	ابن عبد البر ::  أبو عمر يوسف بن عبد الله بن محمد بن عبد البر القرطبي النمري	Ibn Cabd Barr :: Ibn ʿAbd al-Barr ::  Abū ʿUmar Yūsuf b. ʿAbd Allāh b. Muḥammad b. ʿAbd al-Barr al-Qurṭubī al-Namarī	0463IbnCabdBarr.IstidhkarJamic	الاستذكار	Istidhkar Jamic	سالم محمد عطا، محمد علي معوض :: دار الكتب العلمية - بيروت	Shamela0001722	sec	1131750	https://raw.githubusercontent.com/OpenITI/0475AH/master/data/0463IbnCabdBarr/0463IbnCabdBarr.IstidhkarJamic/0463IbnCabdBarr.IstidhkarJamic.Shamela0001722-ara1	CENT0500 :: _FIQH :: _HADITH :: _MALIKI :: _SHARH :: _SUNNI :: GAL@literature-islamic :: GAL@1000-1258CE :: GAL@hadith :: GAL@literature-arabic :: GAL@period-postclassical :: GAL@spain :: Shamela@شروح الحديث :: born@QURTUBA_047W379N_S :: born@Andalus_RE :: died@SHATIBA_005W389N_S :: resided@QURTUBA_047W379N_S :: resided@DANIYA_001E388N_S :: resided@LISHBUNA_091W387N_S :: resided@SHANTARIN_087W392N_S :: resided@BALANSIYYA_004W394N_S :: resided@SHATIBA_005W389N_S :: visited@ISHBILIYYA_059W374N_S :: visited@BATALYUS_069W388N_S	Ibn Cabd Barr	Ibn ʿAbd al-Barr	 Abū ʿUmar Yūsuf b. ʿAbd Allāh b. Muḥammad b. ʿAbd al-Barr al-Qurṭubī al-Namarī	4421899
0463IbnCabdBarr.IstidhkarJamic.Shia002119Vols-ara1	0463	ابن عبد البر ::  أبو عمر يوسف بن عبد الله بن محمد بن عبد البر القرطبي النمري	Ibn Cabd Barr :: Ibn ʿAbd al-Barr ::  Abū ʿUmar Yūsuf b. ʿAbd Allāh b. Muḥammad b. ʿAbd al-Barr al-Qurṭubī al-Namarī	0463IbnCabdBarr.IstidhkarJamic	الاستذكار	Istidhkar Jamic	سالم محمد عطا-محمد علي معوض :: 2000م	Shia002119Vols	pri	1131969	https://raw.githubusercontent.com/OpenITI/0475AH/master/data/0463IbnCabdBarr/0463IbnCabdBarr.IstidhkarJamic/0463IbnCabdBarr.IstidhkarJamic.Shia002119Vols-ara1	CENT0500 :: _FIQH :: _HADITH :: _MALIKI :: _SHARH :: _SUNNI :: GAL@literature-islamic :: GAL@1000-1258CE :: GAL@hadith :: GAL@literature-arabic :: GAL@period-postclassical :: GAL@spain :: Shia@مصادر الحديث السنية ـ القسم العام :: born@QURTUBA_047W379N_S :: born@Andalus_RE :: died@SHATIBA_005W389N_S :: resided@QURTUBA_047W379N_S :: resided@DANIYA_001E388N_S :: resided@LISHBUNA_091W387N_S :: resided@SHANTARIN_087W392N_S :: resided@BALANSIYYA_004W394N_S :: resided@SHATIBA_005W389N_S :: visited@ISHBILIYYA_059W374N_S :: visited@BATALYUS_069W388N_S	Ibn Cabd Barr	Ibn ʿAbd al-Barr	 Abū ʿUmar Yūsuf b. ʿAbd Allāh b. Muḥammad b. ʿAbd al-Barr al-Qurṭubī al-Namarī	4422125
0463IbnCabdBarr.TamhidMuwatta.JK000585-ara1	0463	ابن عبد البر ::  أبو عمر يوسف بن عبد الله بن محمد بن عبد البر القرطبي النمري	Ibn Cabd Barr :: Ibn ʿAbd al-Barr ::  Abū ʿUmar Yūsuf b. ʿAbd Allāh b. Muḥammad b. ʿAbd al-Barr al-Qurṭubī al-Namarī	0463IbnCabdBarr.TamhidMuwatta	التمهيد لما في الموطأ من المعاني والأسانيد :: التمهيد لابن عبد البر	Tamhid Muwatta	مصطفى بن أحمد العلوي ,‏محمد عبد الكبير البكري :: المغرب :: 1387 :: وزارة عموم الأوقاف والشؤون الإسلامية	JK000585	sec	1428203	https://raw.githubusercontent.com/OpenITI/0475AH/master/data/0463IbnCabdBarr/0463IbnCabdBarr.TamhidMuwatta/0463IbnCabdBarr.TamhidMuwatta.JK000585-ara1	CENT0500 :: _FIQH :: _HADITH :: _MALIKI :: _SHARH :: _SUNNI :: _TARAJIM :: GAL@literature-islamic :: GAL@1000-1258CE :: GAL@hadith :: GAL@literature-arabic :: GAL@period-postclassical :: GAL@spain :: JK@الفقه المالكي :: JK@كتب الحديث النبوي الشريف وتراجم الرواة :: JK@كتب الشروح :: born@QURTUBA_047W379N_S :: born@Andalus_RE :: died@SHATIBA_005W389N_S :: resided@QURTUBA_047W379N_S :: resided@DANIYA_001E388N_S :: resided@LISHBUNA_091W387N_S :: resided@SHANTARIN_087W392N_S :: resided@BALANSIYYA_004W394N_S :: resided@SHATIBA_005W389N_S :: visited@ISHBILIYYA_059W374N_S :: visited@BATALYUS_069W388N_S	Ibn Cabd Barr	Ibn ʿAbd al-Barr	 Abū ʿUmar Yūsuf b. ʿAbd Allāh b. Muḥammad b. ʿAbd al-Barr al-Qurṭubī al-Namarī	5577657
0463IbnCabdBarr.TamhidMuwatta.Shamela0001719-ara1	0463	ابن عبد البر ::  أبو عمر يوسف بن عبد الله بن محمد بن عبد البر القرطبي النمري	Ibn Cabd Barr :: Ibn ʿAbd al-Barr ::  Abū ʿUmar Yūsuf b. ʿAbd Allāh b. Muḥammad b. ʿAbd al-Barr al-Qurṭubī al-Namarī	0463IbnCabdBarr.TamhidMuwatta	التمهيد لما في الموطأ من المعاني والأسانيد	Tamhid Muwatta	مصطفى بن أحمد العلوي , محمد عبد الكبير البكري :: 1387 هـ :: وزارة عموم الأوقاف والشؤون الإسلامية - المغرب	Shamela0001719	pri	1440990	https://raw.githubusercontent.com/OpenITI/0475AH/master/data/0463IbnCabdBarr/0463IbnCabdBarr.TamhidMuwatta/0463IbnCabdBarr.TamhidMuwatta.Shamela0001719-ara1	CENT0500 :: _FIQH :: _HADITH :: _MALIKI :: _SHARH :: _SUNNI :: _TARAJIM :: GAL@literature-islamic :: GAL@1000-1258CE :: GAL@hadith :: GAL@literature-arabic :: GAL@period-postclassical :: GAL@spain :: Shamela@شروح الحديث :: born@QURTUBA_047W379N_S :: born@Andalus_RE :: died@SHATIBA_005W389N_S :: resided@QURTUBA_047W379N_S :: resided@DANIYA_001E388N_S :: resided@LISHBUNA_091W387N_S :: resided@SHANTARIN_087W392N_S :: resided@BALANSIYYA_004W394N_S :: resided@SHATIBA_005W389N_S :: visited@ISHBILIYYA_059W374N_S :: visited@BATALYUS_069W388N_S	Ibn Cabd Barr	Ibn ʿAbd al-Barr	 Abū ʿUmar Yūsuf b. ʿAbd Allāh b. Muḥammad b. ʿAbd al-Barr al-Qurṭubī al-Namarī	5601149
0463IbnCabdBarr.TamhidMuwatta.Shia002131Vols-ara1	0463	ابن عبد البر ::  أبو عمر يوسف بن عبد الله بن محمد بن عبد البر القرطبي النمري	Ibn Cabd Barr :: Ibn ʿAbd al-Barr ::  Abū ʿUmar Yūsuf b. ʿAbd Allāh b. Muḥammad b. ʿAbd al-Barr al-Qurṭubī al-Namarī	0463IbnCabdBarr.TamhidMuwatta	التمهيد	Tamhid Muwatta	مصطفى بن أحمد العلوي ,‏محمد عبد الكبير البكري :: 1387	Shia002131Vols	sec	1437065	https://raw.githubusercontent.com/OpenITI/0475AH/master/data/0463IbnCabdBarr/0463IbnCabdBarr.TamhidMuwatta/0463IbnCabdBarr.TamhidMuwatta.Shia002131Vols-ara1	CENT0500 :: _FIQH :: _HADITH :: _MALIKI :: _SHARH :: _SUNNI :: _TARAJIM :: GAL@literature-islamic :: GAL@1000-1258CE :: GAL@hadith :: GAL@literature-arabic :: GAL@period-postclassical :: GAL@spain :: Shia@مصادر الحديث السنية ـ القسم العام :: born@QURTUBA_047W379N_S :: born@Andalus_RE :: died@SHATIBA_005W389N_S :: resided@QURTUBA_047W379N_S :: resided@DANIYA_001E388N_S :: resided@LISHBUNA_091W387N_S :: resided@SHANTARIN_087W392N_S :: resided@BALANSIYYA_004W394N_S :: resided@SHATIBA_005W389N_S :: visited@ISHBILIYYA_059W374N_S :: visited@BATALYUS_069W388N_S	Ibn Cabd Barr	Ibn ʿAbd al-Barr	 Abū ʿUmar Yūsuf b. ʿAbd Allāh b. Muḥammad b. ʿAbd al-Barr al-Qurṭubī al-Namarī	5578527
0474IbnKhalafBaji.MuntaqaSharhMuwatta.Sham19Y0006684-ara1	0474	ابن خلف الباجي ::  أبو الوليد سليمان بن خلف بن سعد بن أيوب بن وارث تجيبي القرطبي الباجي الأندلسي	Ibn Khalaf Baji :: Ibn Ḫalaf al-Bāǧī ::  Abū al-Walīd Sulaymān b. Ḫalaf b. Saʿd b. Ayyūb b. Wāriṯ Taǧībī al-Qurṭubī al-Bāǧī al-Andalusī	0474IbnKhalafBaji.MuntaqaSharhMuwatta	المنتقى شرح موطأ :: 	al-Muntaqá šarḥ Muwaṭṭaʾ :: 	الأولى، 1332 هـ :: مطبعة السعادة - بجوار محافظة مصر :: http://www.worldcat.org/oclc/1083754575	Sham19Y0006684	pri	1298617	https://raw.githubusercontent.com/OpenITI/0475AH/master/data/0474IbnKhalafBaji/0474IbnKhalafBaji.MuntaqaSharhMuwatta/0474IbnKhalafBaji.MuntaqaSharhMuwatta.Sham19Y0006684-ara1.mARkdown	MARKDOWN ::  :: TEXT_QUALITY :: REVIEW_NEEDED :: Sham@شروح الحديث :: born@BATALYUS_069W388N_S :: born@Andalus_RE_Auto :: died@MARIYYA_025W368N_S :: resided@BATALYUS_069W388N_S :: resided@BAJA_078W380N_S :: resided@QURTUBA_047W379N_S :: resided@HALAB_371E361N_S :: resided@JaziratArab_RE :: resided@BAGHDAD_443E333N_S :: resided@SARAQUSA_009W416N_S :: resided@BALANSIYYA_004W394N_S :: resided@MURSIYA_011W379N_S :: resided@URYULAXXXYYY :: resided@DANIYA_001E388N_S :: resided@MAYURQAXXXYYY :: resided@MARIYYA_025W368N_S :: visited@DIMASHQ_363E335N_S :: visited@MAWSIL_431E363N_S :: visited@Misr_RE	Ibn Khalaf Baji	Ibn Ḫalaf al-Bāǧī	 Abū al-Walīd Sulaymān b. Ḫalaf b. Saʿd b. Ayyūb b. Wāriṯ Taǧībī al-Qurṭubī al-Bāǧī al-Andalusī	5135570
0474IbnKhalafBaji.MuntaqaSharhMuwatta.Shamela0006684-ara1	0474	ابن خلف الباجي ::  أبو الوليد سليمان بن خلف بن سعد بن أيوب بن وارث تجيبي القرطبي الباجي الأندلسي	Ibn Khalaf Baji :: Ibn Ḫalaf al-Bāǧī ::  Abū al-Walīd Sulaymān b. Ḫalaf b. Saʿd b. Ayyūb b. Wāriṯ Taǧībī al-Qurṭubī al-Bāǧī al-Andalusī	0474IbnKhalafBaji.MuntaqaSharhMuwatta	المنتقى شرح موطأ :: 	al-Muntaqá šarḥ Muwaṭṭaʾ :: 	مطبعة السعادة - بجوار محافظة مصر	Shamela0006684	sec	1319162	https://raw.githubusercontent.com/OpenITI/0475AH/master/data/0474IbnKhalafBaji/0474IbnKhalafBaji.MuntaqaSharhMuwatta/0474IbnKhalafBaji.MuntaqaSharhMuwatta.Shamela0006684-ara1	CENT0500 :: _HADITH :: _SHARH :: GAL@literature-islamic :: GAL@1000-1258CE :: GAL@malikis :: GAL@literature-arabic :: GAL@period-postclassical :: GAL@fiqh :: Shamela@شروح الحديث :: born@BATALYUS_069W388N_S :: born@Andalus_RE_Auto :: died@MARIYYA_025W368N_S :: resided@BATALYUS_069W388N_S :: resided@BAJA_078W380N_S :: resided@QURTUBA_047W379N_S :: resided@HALAB_371E361N_S :: resided@JaziratArab_RE :: resided@BAGHDAD_443E333N_S :: resided@SARAQUSA_009W416N_S :: resided@BALANSIYYA_004W394N_S :: resided@MURSIYA_011W379N_S :: resided@URYULAXXXYYY :: resided@DANIYA_001E388N_S :: resided@MAYURQAXXXYYY :: resided@MARIYYA_025W368N_S :: visited@DIMASHQ_363E335N_S :: visited@MAWSIL_431E363N_S :: visited@Misr_RE	Ibn Khalaf Baji	Ibn Ḫalaf al-Bāǧī	 Abū al-Walīd Sulaymān b. Ḫalaf b. Saʿd b. Ayyūb b. Wāriṯ Taǧībī al-Qurṭubī al-Bāǧī al-Andalusī	5220971
0521IbnMuhammadBatalyawsi.MushkilatMuwatta.JK009183-ara1	0521	عبد الله بن السيد البطليوسي	Ibn Muhammad Batalyawsi	0521IbnMuhammadBatalyawsi.MushkilatMuwatta	مشكلات موطأ مالك بن أنس	Mushkilat Muwatta	طه بن علي بو سريح التونسي :: لبنان / بيروت :: 1420هـ - 2000م :: دار ابن حزم	JK009183	sec	16424	https://raw.githubusercontent.com/OpenITI/0525AH/master/data/0521IbnMuhammadBatalyawsi/0521IbnMuhammadBatalyawsi.MushkilatMuwatta/0521IbnMuhammadBatalyawsi.MushkilatMuwatta.JK009183-ara1	CENT0600 :: _HADITH :: _MUSTALAHAT :: _SHARH :: GAL@nodata :: JK@كتب مصطح الحديث :: JK@مسائل في المصطلح :: born@Andalus_RE :: born@BATALYUS_069W388N_S	Ibn Muhammad Batalyawsi			69649
0521IbnMuhammadBatalyawsi.MushkilatMuwatta.Shamela0006037-ara1	0521	أبو محمد عبد الله بن محمد بن السيد البطليوسي (المتوفى: 521هـ)	Ibn Muhammad Batalyawsi	0521IbnMuhammadBatalyawsi.MushkilatMuwatta	مشكلات موطأ مالك بن أنس	Mushkilat Muwatta	طه بن علي بو سريح التونسي :: دار ابن حزم - لبنان / بيروت :: http://www.worldcat.org/oclc/43254096	Shamela0006037	pri	16535	https://raw.githubusercontent.com/OpenITI/0525AH/master/data/0521IbnMuhammadBatalyawsi/0521IbnMuhammadBatalyawsi.MushkilatMuwatta/0521IbnMuhammadBatalyawsi.MushkilatMuwatta.Shamela0006037-ara1.completed	COMPLETED :: CENT0600 :: _HADITH :: _MUSTALAHAT :: _SHARH :: GAL@nodata :: NO_MAJOR_ISSUES :: Shamela@شروح الحديث :: born@Andalus_RE :: born@BATALYUS_069W388N_S	Ibn Muhammad Batalyawsi			70069
0543IbnCarabiIshbili.MasalikFiSharhMuwatta.Sham19Y0123665-ara1	0543	ابن العربي :: القاضي محمد بن عبد الله أبو بكر بن العربي المعافري الاشبيلي المالكي (المتوفى: 543ه)	Ibn Carabi Ishbili	0543IbnCarabiIshbili.MasalikFiSharhMuwatta	المسالك في شرح موطأ مالك	Masalik Fi Sharh Muwatta	الأولى، 1428 ه - 2007 م :: دار الغرب الإسلامي	Sham19Y0123665	pri	857126	https://raw.githubusercontent.com/OpenITI/0550AH/master/data/0543IbnCarabiIshbili/0543IbnCarabiIshbili.MasalikFiSharhMuwatta/0543IbnCarabiIshbili.MasalikFiSharhMuwatta.Sham19Y0123665-ara1	 :: Sham@شروح الحديث :: born@Andalus_RE_Auto	Ibn Carabi Ishbili			3585534
0543IbnCarabiIshbili.QabasFiSharhMuwatta.Sham19Y0122401-ara1	0543	ابن العربي :: القاضي محمد بن عبد الله أبو بكر بن العربي المعافري الاشبيلي المالكي (المتوفى: 543ه)	Ibn Carabi Ishbili	0543IbnCarabiIshbili.QabasFiSharhMuwatta	القبس في شرح موطأ مالك بن أنس	Qabas Fi Sharh Muwatta	الدكتور محمد عبد الله ولد كريم :: الأولى، 1992 م :: دار الغرب الإسلامي	Sham19Y0122401	pri	442092	https://raw.githubusercontent.com/OpenITI/0550AH/master/data/0543IbnCarabiIshbili/0543IbnCarabiIshbili.QabasFiSharhMuwatta/0543IbnCarabiIshbili.QabasFiSharhMuwatta.Sham19Y0122401-ara1	 :: Sham@شروح الحديث :: born@Andalus_RE_Auto	Ibn Carabi Ishbili			1823097
0786IbnMuhammadBabarti.SharhWasiyyatAbiHanifa.ShamAY0035746-ara1	0786	البابرتي :: محمد بن محمد بن محمود، أكمل الدين أبو عبد الله ابن الشيخ شمس الدين ابن الشيخ جمال الدين الرومي البابرتي :: أكمل الدين أبو عبد الله محمد بن محمد بن محمود بن أحمد البابرتي الرومي الحنفي	Ibn Muhammad Babarti	0786IbnMuhammadBabarti.SharhWasiyyatAbiHanifa	شرح وصية الإمام أبي حنيفة  :: شرح وصية الإمام أبي حنيفة	Sharh Wasiyyat Abi Hanifa	محمد العايدي وحمزة البكري	ShamAY0035746	pri	30989	https://raw.githubusercontent.com/OpenITI/0800AH/master/data/0786IbnMuhammadBabarti/0786IbnMuhammadBabarti.SharhWasiyyatAbiHanifa/0786IbnMuhammadBabarti.SharhWasiyyatAbiHanifa.ShamAY0035746-ara1	 :: ShamAY@العقيدة - مرقم آليا :: born@ERZURUMXXXYYY :: born@BAGHDAD_443E333N_S :: died@QAHIRA_312E300N_S :: resided@HALAB_371E361N_S :: resided@QAHIRA_312E300N_S	Ibn Muhammad Babarti			135172
0911Suyuti.TanwirHawalik.JK000556-ara1	0911	جلال الدين السيوطي :: جلال الدين، أبو الفضل  عبد الرحمان بن أبي بكر بن محمد جلال الدين الخضيري الأسيوطي	Suyuti :: Ǧalāl al-Dīn al-Suyūṭī :: Ǧalāl al-dīn, Abū al-faḍl  ʿAbd al-Raḥmān b. Abī Bakr b. Muḥammad Ǧalāl al-dīn al-Ḫuḍayrī al-Asyūṭī	0911Suyuti.TanwirHawalik	تنوير الحوالك شرح موطأ مالك :: تنوير الحوالك	Tanwir Hawalik	مصر :: 1389 - 1969 :: المكتبة التجارية الكبرى	JK000556	sec	104827	https://raw.githubusercontent.com/OpenITI/0925AH/master/data/0911Suyuti/0911Suyuti.TanwirHawalik/0911Suyuti.TanwirHawalik.JK000556-ara1	CENT1000 :: _HADITH :: _SHARH :: _TARAJIM :: GAL@literature-islamic :: GAL@polyhistors :: GAL@exclude :: GAL@period-postmongol :: GAL@period-mamluk :: GAL@1258-1517CE :: GAL@period-decline :: GAL@encyclopaedias :: GAL@egypt :: GAL@syria :: JK@كتب الحديث النبوي الشريف وتراجم الرواة :: JK@كتب الشروح :: born@QAHIRA_312E300N_S :: born@Misr_RE :: died@QAHIRA_312E300N_S :: resided@QAHIRA_312E300N_S :: visited@MAKKA_398E213N_S :: visited@MADINA_396E244N_S :: visited@Sham_RE :: visited@Misr_RE	Suyuti	Ǧalāl al-Dīn al-Suyūṭī	Ǧalāl al-dīn, Abū al-faḍl  ʿAbd al-Raḥmān b. Abī Bakr b. Muḥammad Ǧalāl al-dīn al-Ḫuḍayrī al-Asyūṭī	415958
0911Suyuti.TanwirHawalik.ShamAY0033522-ara2	0911	جلال الدين السيوطي :: جلال الدين، أبو الفضل  عبد الرحمان بن أبي بكر بن محمد جلال الدين الخضيري الأسيوطي	Suyuti :: Ǧalāl al-Dīn al-Suyūṭī :: Ǧalāl al-dīn, Abū al-faḍl  ʿAbd al-Raḥmān b. Abī Bakr b. Muḥammad Ǧalāl al-dīn al-Ḫuḍayrī al-Asyūṭī	0911Suyuti.TanwirHawalik	تنوير الحوالك شرح موطأ مالك  :: تنوير الحوالك - الفكر :: تنوير الحوالك شرح موطأ مالك	Tanwir Hawalik	إشراف صدقي محمد جميل العطار :: الطبعة الأولى 1425ه-2005م :: دار الفكر	ShamAY0033522	pri	220541	https://raw.githubusercontent.com/OpenITI/0925AH/master/data/0911Suyuti/0911Suyuti.TanwirHawalik/0911Suyuti.TanwirHawalik.ShamAY0033522-ara2	 :: ShamAY@شروح الحديث :: born@QAHIRA_312E300N_S :: born@Misr_RE :: died@QAHIRA_312E300N_S :: resided@QAHIRA_312E300N_S :: visited@MAKKA_398E213N_S :: visited@MADINA_396E244N_S :: visited@Sham_RE :: visited@Misr_RE	Suyuti	Ǧalāl al-Dīn al-Suyūṭī	Ǧalāl al-dīn, Abū al-faḍl  ʿAbd al-Raḥmān b. Abī Bakr b. Muḥammad Ǧalāl al-dīn al-Ḫuḍayrī al-Asyūṭī	853793
0911Suyuti.TanwirHawalik.ShamAY0033528-ara1	0911	جلال الدين السيوطي :: جلال الدين، أبو الفضل  عبد الرحمان بن أبي بكر بن محمد جلال الدين الخضيري الأسيوطي	Suyuti :: Ǧalāl al-Dīn al-Suyūṭī :: Ǧalāl al-dīn, Abū al-faḍl  ʿAbd al-Raḥmān b. Abī Bakr b. Muḥammad Ǧalāl al-dīn al-Ḫuḍayrī al-Asyūṭī	0911Suyuti.TanwirHawalik	تنوير الحوالك شرح موطأ مالك  :: تنوير الحوالك شرح موطأ مالك - العلمية :: تنوير الحوالك شرح موطأ مالك	Tanwir Hawalik		ShamAY0033528	sec	115578	https://raw.githubusercontent.com/OpenITI/0925AH/master/data/0911Suyuti/0911Suyuti.TanwirHawalik/0911Suyuti.TanwirHawalik.ShamAY0033528-ara1	 :: ShamAY@شروح الحديث :: born@QAHIRA_312E300N_S :: born@Misr_RE :: died@QAHIRA_312E300N_S :: resided@QAHIRA_312E300N_S :: visited@MAKKA_398E213N_S :: visited@MADINA_396E244N_S :: visited@Sham_RE :: visited@Misr_RE	Suyuti	Ǧalāl al-Dīn al-Suyūṭī	Ǧalāl al-dīn, Abū al-faḍl  ʿAbd al-Raḥmān b. Abī Bakr b. Muḥammad Ǧalāl al-dīn al-Ḫuḍayrī al-Asyūṭī	460589
0911Suyuti.TanwirHawalik.Shamela0005757-ara1	0911	جلال الدين السيوطي :: جلال الدين، أبو الفضل  عبد الرحمان بن أبي بكر بن محمد جلال الدين الخضيري الأسيوطي	Suyuti :: Ǧalāl al-Dīn al-Suyūṭī :: Ǧalāl al-dīn, Abū al-faḍl  ʿAbd al-Raḥmān b. Abī Bakr b. Muḥammad Ǧalāl al-dīn al-Ḫuḍayrī al-Asyūṭī	0911Suyuti.TanwirHawalik	تنوير الحوالك شرح موطأ مالك	Tanwir Hawalik	1389 - 1969 هـ :: المكتبة التجارية الكبرى - مصر	Shamela0005757	sec	104810	https://raw.githubusercontent.com/OpenITI/0925AH/master/data/0911Suyuti/0911Suyuti.TanwirHawalik/0911Suyuti.TanwirHawalik.Shamela0005757-ara1	CENT1000 :: _HADITH :: _SHARH :: _TARAJIM :: GAL@literature-islamic :: GAL@polyhistors :: GAL@exclude :: GAL@period-postmongol :: GAL@period-mamluk :: GAL@1258-1517CE :: GAL@period-decline :: GAL@encyclopaedias :: GAL@egypt :: GAL@syria :: Shamela@شروح الحديث :: born@QAHIRA_312E300N_S :: born@Misr_RE :: died@QAHIRA_312E300N_S :: resided@QAHIRA_312E300N_S :: visited@MAKKA_398E213N_S :: visited@MADINA_396E244N_S :: visited@Sham_RE :: visited@Misr_RE	Suyuti	Ǧalāl al-Dīn al-Suyūṭī	Ǧalāl al-dīn, Abū al-faḍl  ʿAbd al-Raḥmān b. Abī Bakr b. Muḥammad Ǧalāl al-dīn al-Ḫuḍayrī al-Asyūṭī	415959
0255Jahiz.AmilWaMamul.JK010594-ara1	0255	الجاحظ ::  أبو عثمان عمرو بن بحر الفقامي البصري	Jahiz :: al-ǧāḥiẓ ::  abū ʿUṯmān ʿamrů b. baḥr al-fuqāmī al-baṣrī	0255Jahiz.AmilWaMamul	الآمل والمأمول	Amil Wa Mamul		JK010594	sec	7242	https://raw.githubusercontent.com/OpenITI/0275AH/master/data/0255Jahiz/0255Jahiz.AmilWaMamul/0255Jahiz.AmilWaMamul.JK010594-ara1	CENT0300 :: SBS :: _ADAB :: _BALAGHA :: _QISAS :: _TARAIF :: GAL@period-classical :: GAL@literature-islamic :: GAL@0750-1000CE :: GAL@prose :: GAL@literature-arabic :: GAL@education-general :: GAL@literature-popular :: JK@الطرائف والقصص :: JK@كتب الأدب :: born@Iraq_RE	Jahiz	al-ǧāḥiẓ	 abū ʿUṯmān ʿamrů b. baḥr al-fuqāmī al-baṣrī	29609
0255Jahiz.AmilWaMamul.Shamela0000594-ara1	0255	الجاحظ ::  أبو عثمان عمرو بن بحر الفقامي البصري	Jahiz :: al-ǧāḥiẓ ::  abū ʿUṯmān ʿamrů b. baḥr al-fuqāmī al-baṣrī	0255Jahiz.AmilWaMamul	الآمل والمأمول	Amil Wa Mamul		Shamela0000594	pri	7242	https://raw.githubusercontent.com/OpenITI/0275AH/master/data/0255Jahiz/0255Jahiz.AmilWaMamul/0255Jahiz.AmilWaMamul.Shamela0000594-ara1	CENT0300 :: SBS :: _ADAB :: _BALAGHA :: _QISAS :: _TARAIF :: GAL@period-classical :: GAL@literature-islamic :: GAL@0750-1000CE :: GAL@prose :: GAL@literature-arabic :: GAL@education-general :: GAL@literature-popular :: Shamela@الأدب والبلاغة - مرقم آليا :: born@Iraq_RE	Jahiz	al-ǧāḥiẓ	 abū ʿUṯmān ʿamrů b. baḥr al-fuqāmī al-baṣrī	29609
0255Jahiz.AwtanWaBuldan.Shamela0010428BK36-ara1	0255	الجاحظ ::  أبو عثمان عمرو بن بحر الفقامي البصري	Jahiz :: al-ǧāḥiẓ ::  abū ʿUṯmān ʿamrů b. baḥr al-fuqāmī al-baṣrī	0255Jahiz.AwtanWaBuldan	رسائل الجاحظ	Awtan Wa Buldan	عبد السلام محمد هارون :: 1384 ه - 1964 م :: مكتبة الخانجي، القاهرة :: http://www.worldcat.org/oclc/14187964	Shamela0010428BK36	sec	5463	https://raw.githubusercontent.com/OpenITI/0275AH/master/data/0255Jahiz/0255Jahiz.AwtanWaBuldan/0255Jahiz.AwtanWaBuldan.Shamela0010428BK36-ara1.mARkdown	MARKDOWN ::  :: INCOMPLETE_TEXT :: Shamela@الأدب والبلاغة :: born@Iraq_RE	Jahiz	al-ǧāḥiẓ	 abū ʿUṯmān ʿamrů b. baḥr al-fuqāmī al-baṣrī	23079
0255Jahiz.AwtanWaBuldan.Shamela0010709BK2-ara2	0255	الجاحظ ::  أبو عثمان عمرو بن بحر الفقامي البصري	Jahiz :: al-ǧāḥiẓ ::  abū ʿUṯmān ʿamrů b. baḥr al-fuqāmī al-baṣrī	0255Jahiz.AwtanWaBuldan	الرسائل السياسية	Awtan Wa Buldan	دار ومكتبة الهلال، بيروت :: http://www.worldcat.org/oclc/241398908	Shamela0010709BK2	pri	5453	https://raw.githubusercontent.com/OpenITI/0275AH/master/data/0255Jahiz/0255Jahiz.AwtanWaBuldan/0255Jahiz.AwtanWaBuldan.Shamela0010709BK2-ara2.mARkdown	MARKDOWN ::  :: NO_MAJOR_ISSUES :: Shamela@الأدب والبلاغة :: born@Iraq_RE	Jahiz	al-ǧāḥiẓ	 abū ʿUṯmān ʿamrů b. baḥr al-fuqāmī al-baṣrī	23033
0255Jahiz.BalaghaWaIjaz.Shamela0010428BK37-ara1	0255	الجاحظ ::  أبو عثمان عمرو بن بحر الفقامي البصري	Jahiz :: al-ǧāḥiẓ ::  abū ʿUṯmān ʿamrů b. baḥr al-fuqāmī al-baṣrī	0255Jahiz.BalaghaWaIjaz	رسائل الجاحظ	Balagha Wa Ijaz	عبد السلام محمد هارون :: 1384 ه - 1964 م :: مكتبة الخانجي، القاهرة :: http://www.worldcat.org/oclc/14187964	Shamela0010428BK37	sec	211	https://raw.githubusercontent.com/OpenITI/0275AH/master/data/0255Jahiz/0255Jahiz.BalaghaWaIjaz/0255Jahiz.BalaghaWaIjaz.Shamela0010428BK37-ara1.mARkdown	MARKDOWN ::  :: INCOMPLETE_TEXT :: Shamela@الأدب والبلاغة :: born@Iraq_RE	Jahiz	al-ǧāḥiẓ	 abū ʿUṯmān ʿamrů b. baḥr al-fuqāmī al-baṣrī	983
0255Jahiz.BalaghaWaIjaz.Shamela0010670BK13-ara2	0255	الجاحظ ::  أبو عثمان عمرو بن بحر الفقامي البصري	Jahiz :: al-ǧāḥiẓ ::  abū ʿUṯmān ʿamrů b. baḥr al-fuqāmī al-baṣrī	0255Jahiz.BalaghaWaIjaz	الرسائل الأدبية	Balagha Wa Ijaz	دار ومكتبة الهلال، بيروت :: http://www.worldcat.org/oclc/241363642	Shamela0010670BK13	pri	205	https://raw.githubusercontent.com/OpenITI/0275AH/master/data/0255Jahiz/0255Jahiz.BalaghaWaIjaz/0255Jahiz.BalaghaWaIjaz.Shamela0010670BK13-ara2.mARkdown	MARKDOWN ::  :: NO_MAJOR_ISSUES :: Shamela@الأدب والبلاغة :: born@Iraq_RE	Jahiz	al-ǧāḥiẓ	 abū ʿUṯmān ʿamrů b. baḥr al-fuqāmī al-baṣrī	953
0255Jahiz.BayanWaTabyin.JK001009-ara1	0255	الجاحظ ::  أبو عثمان عمرو بن بحر الفقامي البصري	Jahiz :: al-ǧāḥiẓ ::  abū ʿUṯmān ʿamrů b. baḥr al-fuqāmī al-baṣrī	0255Jahiz.BayanWaTabyin	البيان والتبيين	Bayan Wa Tabyin	فوزي عطوي :: بيروت :: دار صعب	JK001009	sec	158447	https://raw.githubusercontent.com/OpenITI/0275AH/master/data/0255Jahiz/0255Jahiz.BayanWaTabyin/0255Jahiz.BayanWaTabyin.JK001009-ara1	CENT0300 :: SBS :: _ADAB :: _ADAB :: _BALAGHA :: _FASAHA :: GAL@period-classical :: GAL@literature-islamic :: GAL@0750-1000CE :: GAL@prose :: GAL@literature-arabic :: GAL@education-general :: GAL@literature-popular :: JK@البلاغة والفصاحة :: JK@كتب الأدب :: born@Iraq_RE	Jahiz	al-ǧāḥiẓ	 abū ʿUṯmān ʿamrů b. baḥr al-fuqāmī al-baṣrī	651410
0310Tabari.JamicBayan.JK000164-ara1	0310	الطبري :: أبو جعفر محمد بن جرير بن يزيد بن كثير بن غالب الطبري، الآملي	Tabari :: al-Ṭabarī :: Abū Ǧaʿfar Muḥammad b. Ǧarīr b. Yazīd b. Kaṯīr b. Ġālib al-Ṭabarī, al-Āmulī	0310Tabari.JamicBayan	جامع البيان عن تأويل آي القرآن :: تفسير الطبري	Jamic Bayan	بيروت :: 1405 :: دار الفكر	JK000164	sec	2839272	https://raw.githubusercontent.com/OpenITI/0325AH/master/data/0310Tabari/0310Tabari.JamicBayan/0310Tabari.JamicBayan.JK000164-ara1	CENT0400 :: SBS :: _AHKAM :: _CULUM :: _HADITH :: _QURAN :: _SUNNI :: _TAFSIR :: GAL@historiography :: GAL@period-classical :: GAL@literature-islamic :: GAL@history :: GAL@history-imperial :: GAL@0750-1000CE :: GAL@literature-arabic :: GAL@history-world :: JK@أحكام القرآن :: JK@التفاسير :: JK@التفسير بالمأثور :: JK@كتب التفاسير :: JK@كتب التفاسير وعلوم القرآن :: born@AMUL_524E364N_S :: born@Daylam_RE :: died@BAGHDAD_443E333N_S :: resided@AMUL_524E364N_S :: resided@RAYY_515E356N_S :: resided@BAGHDAD_443E333N_S :: resided@KUFA_443E320N_S :: resided@BASRA_477E304N_S :: resided@WASIT_463E321N_S :: resided@FUSTAT_312E300N_S :: visited@MAKKA_398E213N_S :: visited@HIMS_367E347N_S :: visited@RAMLA_348E319N_S :: visited@ASQALAN_345E316N_S :: visited@Sham_RE	Tabari	al-Ṭabarī	Abū Ǧaʿfar Muḥammad b. Ǧarīr b. Yazīd b. Kaṯīr b. Ġālib al-Ṭabarī, al-Āmulī	11282391
0310Tabari.JamicBayan.Shamela0000043-ara1	0310	الطبري :: أبو جعفر محمد بن جرير بن يزيد بن كثير بن غالب الطبري، الآملي	Tabari :: al-Ṭabarī :: Abū Ǧaʿfar Muḥammad b. Ǧarīr b. Yazīd b. Kaṯīr b. Ġālib al-Ṭabarī, al-Āmulī	0310Tabari.JamicBayan	جامع البيان في تأويل القرآن	Jamic Bayan	أحمد محمد شاكر :: مؤسسة الرسالة	Shamela0000043	sec	2857627	https://raw.githubusercontent.com/OpenITI/0325AH/master/data/0310Tabari/0310Tabari.JamicBayan/0310Tabari.JamicBayan.Shamela0000043-ara1	CENT0400 :: SBS :: _AHKAM :: _CULUM :: _HADITH :: _QURAN :: _SUNNI :: _TAFSIR :: GAL@historiography :: GAL@period-classical :: GAL@literature-islamic :: GAL@history :: GAL@history-imperial :: GAL@0750-1000CE :: GAL@literature-arabic :: GAL@history-world :: Shamela@التفاسير :: born@AMUL_524E364N_S :: born@Daylam_RE :: died@BAGHDAD_443E333N_S :: resided@AMUL_524E364N_S :: resided@RAYY_515E356N_S :: resided@BAGHDAD_443E333N_S :: resided@KUFA_443E320N_S :: resided@BASRA_477E304N_S :: resided@WASIT_463E321N_S :: resided@FUSTAT_312E300N_S :: visited@MAKKA_398E213N_S :: visited@HIMS_367E347N_S :: visited@RAMLA_348E319N_S :: visited@ASQALAN_345E316N_S :: visited@Sham_RE	Tabari	al-Ṭabarī	Abū Ǧaʿfar Muḥammad b. Ǧarīr b. Yazīd b. Kaṯīr b. Ġālib al-Ṭabarī, al-Āmulī	11418348
0310Tabari.JamicBayan.Shamela0007798-ara1	0310	الطبري :: أبو جعفر محمد بن جرير بن يزيد بن كثير بن غالب الطبري، الآملي	Tabari :: al-Ṭabarī :: Abū Ǧaʿfar Muḥammad b. Ǧarīr b. Yazīd b. Kaṯīr b. Ġālib al-Ṭabarī, al-Āmulī	0310Tabari.JamicBayan	تفسير الطبري = جامع البيان عن تأويل آي القرآن	Jamic Bayan	الدكتور عبد الله بن عبد المحسن التركي :: دار هجر للطباعة والنشر والتوزيع والإعلان	Shamela0007798	pri	2910592	https://raw.githubusercontent.com/OpenITI/0325AH/master/data/0310Tabari/0310Tabari.JamicBayan/0310Tabari.JamicBayan.Shamela0007798-ara1.inProgress	INPROGRESS :: CENT0400 :: SBS :: _AHKAM :: _CULUM :: _HADITH :: _QURAN :: _SUNNI :: _TAFSIR :: GAL@historiography :: GAL@period-classical :: GAL@literature-islamic :: GAL@history :: GAL@history-imperial :: GAL@0750-1000CE :: GAL@literature-arabic :: GAL@history-world :: Shamela@التفاسير :: born@AMUL_524E364N_S :: born@Daylam_RE :: died@BAGHDAD_443E333N_S :: resided@AMUL_524E364N_S :: resided@RAYY_515E356N_S :: resided@BAGHDAD_443E333N_S :: resided@KUFA_443E320N_S :: resided@BASRA_477E304N_S :: resided@WASIT_463E321N_S :: resided@FUSTAT_312E300N_S :: visited@MAKKA_398E213N_S :: visited@HIMS_367E347N_S :: visited@RAMLA_348E319N_S :: visited@ASQALAN_345E316N_S :: visited@Sham_RE	Tabari	al-Ṭabarī	Abū Ǧaʿfar Muḥammad b. Ǧarīr b. Yazīd b. Kaṯīr b. Ġālib al-Ṭabarī, al-Āmulī	11695247
0310Tabari.JamicBayan.Shia002468Vols-ara1	0310	الطبري :: أبو جعفر محمد بن جرير بن يزيد بن كثير بن غالب الطبري، الآملي	Tabari :: al-Ṭabarī :: Abū Ǧaʿfar Muḥammad b. Ǧarīr b. Yazīd b. Kaṯīr b. Ġālib al-Ṭabarī, al-Āmulī	0310Tabari.JamicBayan	جامع البيان	Jamic Bayan	تقديم : الشيخ خليل الميس / ضبط وتوثيق وتخريج : صدقي جميل العطار :: 1415 - 1995 م :: دار الفكر للطباعة والنشر والتوزيع	Shia002468Vols	sec	2813667	https://raw.githubusercontent.com/OpenITI/0325AH/master/data/0310Tabari/0310Tabari.JamicBayan/0310Tabari.JamicBayan.Shia002468Vols-ara1	CENT0400 :: SBS :: _AHKAM :: _CULUM :: _HADITH :: _QURAN :: _SUNNI :: _TAFSIR :: GAL@historiography :: GAL@period-classical :: GAL@literature-islamic :: GAL@history :: GAL@history-imperial :: GAL@0750-1000CE :: GAL@literature-arabic :: GAL@history-world :: Shia@مصادر التفسير عند السنة :: born@AMUL_524E364N_S :: born@Daylam_RE :: died@BAGHDAD_443E333N_S :: resided@AMUL_524E364N_S :: resided@RAYY_515E356N_S :: resided@BAGHDAD_443E333N_S :: resided@KUFA_443E320N_S :: resided@BASRA_477E304N_S :: resided@WASIT_463E321N_S :: resided@FUSTAT_312E300N_S :: visited@MAKKA_398E213N_S :: visited@HIMS_367E347N_S :: visited@RAMLA_348E319N_S :: visited@ASQALAN_345E316N_S :: visited@Sham_RE	Tabari	al-Ṭabarī	Abū Ǧaʿfar Muḥammad b. Ǧarīr b. Yazīd b. Kaṯīr b. Ġālib al-Ṭabarī, al-Āmulī	11174600
0310Tabari.JamicBayan.Tafsir01001-ara1	0310	الطبري :: أبو جعفر محمد بن جرير بن يزيد بن كثير بن غالب الطبري، الآملي	Tabari :: al-Ṭabarī :: Abū Ǧaʿfar Muḥammad b. Ǧarīr b. Yazīd b. Kaṯīr b. Ġālib al-Ṭabarī, al-Āmulī	0310Tabari.JamicBayan	جامع البيان في تفسير القرآن	Jamic Bayan		Tafsir01001	sec	2718476	https://raw.githubusercontent.com/OpenITI/0325AH/master/data/0310Tabari/0310Tabari.JamicBayan/0310Tabari.JamicBayan.Tafsir01001-ara1	 :: INCOMPLETE_VERSION :: PAGINATION :: born@AMUL_524E364N_S :: born@Daylam_RE :: died@BAGHDAD_443E333N_S :: resided@AMUL_524E364N_S :: resided@RAYY_515E356N_S :: resided@BAGHDAD_443E333N_S :: resided@KUFA_443E320N_S :: resided@BASRA_477E304N_S :: resided@WASIT_463E321N_S :: resided@FUSTAT_312E300N_S :: visited@MAKKA_398E213N_S :: visited@HIMS_367E347N_S :: visited@RAMLA_348E319N_S :: visited@ASQALAN_345E316N_S :: visited@Sham_RE	Tabari	al-Ṭabarī	Abū Ǧaʿfar Muḥammad b. Ǧarīr b. Yazīd b. Kaṯīr b. Ġālib al-Ṭabarī, al-Āmulī	10798537
0310Tabari.TahdhibAthar.JK008250Vols-ara1	0310	الطبري :: أبو جعفر محمد بن جرير بن يزيد بن كثير بن غالب الطبري، الآملي	Tabari :: al-Ṭabarī :: Abū Ǧaʿfar Muḥammad b. Ǧarīr b. Yazīd b. Kaṯīr b. Ġālib al-Ṭabarī, al-Āmulī	0310Tabari.TahdhibAthar	تهذيب الآثار :: تهذيب الآثار وتفصيل الثابت عن رس̄ل أل̄ه¶    من الأخب̄ر	Tahḏīb al-Āṯār :: Tahḏīb al-āṯār wa-tafṣīl al-ṯābit ʿan rasūl Allāh¶    min al-aḫbār	محمود محمد شاكر :: القاهرة :: مطبعة المدني :: http://www.worldcat.org/oclc/566238931,¶    http://www.worldcat.org/oclc/236000786	JK008250Vols	pri	346303	https://raw.githubusercontent.com/OpenITI/0325AH/master/data/0310Tabari/0310Tabari.TahdhibAthar/0310Tabari.TahdhibAthar.JK008250Vols-ara1.mARkdown	MARKDOWN ::  :: NO_MAJOR_ISSUES :: JK@المصنفات والآثار :: JK@كتب الحديث النبوي الشريف وتراجم الرواة :: JK@كتب المصنفات والآثار :: born@AMUL_524E364N_S :: born@Daylam_RE :: died@BAGHDAD_443E333N_S :: resided@AMUL_524E364N_S :: resided@RAYY_515E356N_S :: resided@BAGHDAD_443E333N_S :: resided@KUFA_443E320N_S :: resided@BASRA_477E304N_S :: resided@WASIT_463E321N_S :: resided@FUSTAT_312E300N_S :: visited@MAKKA_398E213N_S :: visited@HIMS_367E347N_S :: visited@RAMLA_348E319N_S :: visited@ASQALAN_345E316N_S :: visited@Sham_RE	Tabari	al-Ṭabarī	Abū Ǧaʿfar Muḥammad b. Ǧarīr b. Yazīd b. Kaṯīr b. Ġālib al-Ṭabarī, al-Āmulī	1336912
0310Tabari.TahdhibAthar.Shamela0013090Vols-ara1	0310	الطبري :: أبو جعفر محمد بن جرير بن يزيد بن كثير بن غالب الطبري، الآملي	Tabari :: al-Ṭabarī :: Abū Ǧaʿfar Muḥammad b. Ǧarīr b. Yazīd b. Kaṯīr b. Ġālib al-Ṭabarī, al-Āmulī	0310Tabari.TahdhibAthar	تهذيب الآثار :: تهذيب الآثار وتفصيل الثابت عن رس̄ل أل̄ه¶    من الأخب̄ر	Tahḏīb al-Āṯār :: Tahḏīb al-āṯār wa-tafṣīl al-ṯābit ʿan rasūl Allāh¶    min al-aḫbār	محمود محمد شاكر :: مطبعة المدني - القاهرة :: http://www.worldcat.org/oclc/566238931,¶    http://www.worldcat.org/oclc/236000786	Shamela0013090Vols	sec	346397	https://raw.githubusercontent.com/OpenITI/0325AH/master/data/0310Tabari/0310Tabari.TahdhibAthar/0310Tabari.TahdhibAthar.Shamela0013090Vols-ara1	 :: PAGINATION :: Shamela@فقه عام :: born@AMUL_524E364N_S :: born@Daylam_RE :: died@BAGHDAD_443E333N_S :: resided@AMUL_524E364N_S :: resided@RAYY_515E356N_S :: resided@BAGHDAD_443E333N_S :: resided@KUFA_443E320N_S :: resided@BASRA_477E304N_S :: resided@WASIT_463E321N_S :: resided@FUSTAT_312E300N_S :: visited@MAKKA_398E213N_S :: visited@HIMS_367E347N_S :: visited@RAMLA_348E319N_S :: visited@ASQALAN_345E316N_S :: visited@Sham_RE	Tabari	al-Ṭabarī	Abū Ǧaʿfar Muḥammad b. Ǧarīr b. Yazīd b. Kaṯīr b. Ġālib al-Ṭabarī, al-Āmulī	1336224
0310Tabari.Tarikh.JK000157-ara2	0310	الطبري :: أبو جعفر محمد بن جرير بن يزيد بن كثير بن غالب الطبري، الآملي	Tabari :: al-Ṭabarī :: Abū Ǧaʿfar Muḥammad b. Ǧarīr b. Yazīd b. Kaṯīr b. Ġālib al-Ṭabarī, al-Āmulī	0310Tabari.Tarikh	تاريخ الطبري :: تاريخ الرسل والملوك	Tārīḫ al-Ṭabarī :: Tārīḫ al-rusul wa-l-mulūk	بيروت :: دار الكتب العلمية	JK000157	sec	1387120	https://raw.githubusercontent.com/OpenITI/0325AH/master/data/0310Tabari/0310Tabari.Tarikh/0310Tabari.Tarikh.JK000157-ara2	CENT0400 :: CHR :: PPE :: _TARIKH :: GAL@historiography :: GAL@period-classical :: GAL@literature-islamic :: GAL@history :: GAL@history-imperial :: GAL@0750-1000CE :: GAL@literature-arabic :: GAL@history-world :: JK@التاريخ العام :: JK@التواريخ العامة :: JK@كتب التاريخ :: born@AMUL_524E364N_S :: born@Daylam_RE :: died@BAGHDAD_443E333N_S :: resided@AMUL_524E364N_S :: resided@RAYY_515E356N_S :: resided@BAGHDAD_443E333N_S :: resided@KUFA_443E320N_S :: resided@BASRA_477E304N_S :: resided@WASIT_463E321N_S :: resided@FUSTAT_312E300N_S :: visited@MAKKA_398E213N_S :: visited@HIMS_367E347N_S :: visited@RAMLA_348E319N_S :: visited@ASQALAN_345E316N_S :: visited@Sham_RE	Tabari	al-Ṭabarī	Abū Ǧaʿfar Muḥammad b. Ǧarīr b. Yazīd b. Kaṯīr b. Ġālib al-Ṭabarī, al-Āmulī	5648553
0310Tabari.Tarikh.Masaha001963Vols-ara1	0310	الطبري :: أبو جعفر محمد بن جرير بن يزيد بن كثير بن غالب الطبري، الآملي	Tabari :: al-Ṭabarī :: Abū Ǧaʿfar Muḥammad b. Ǧarīr b. Yazīd b. Kaṯīr b. Ġālib al-Ṭabarī, al-Āmulī	0310Tabari.Tarikh	تاريخ الطبري :: تاريخ الرسل والملوك	Tārīḫ al-Ṭabarī :: Tārīḫ al-rusul wa-l-mulūk	دار التراث‏	Masaha001963Vols	sec	1608034	https://raw.githubusercontent.com/OpenITI/0325AH/master/data/0310Tabari/0310Tabari.Tarikh/0310Tabari.Tarikh.Masaha001963Vols-ara1	 :: born@AMUL_524E364N_S :: born@Daylam_RE :: died@BAGHDAD_443E333N_S :: resided@AMUL_524E364N_S :: resided@RAYY_515E356N_S :: resided@BAGHDAD_443E333N_S :: resided@KUFA_443E320N_S :: resided@BASRA_477E304N_S :: resided@WASIT_463E321N_S :: resided@FUSTAT_312E300N_S :: visited@MAKKA_398E213N_S :: visited@HIMS_367E347N_S :: visited@RAMLA_348E319N_S :: visited@ASQALAN_345E316N_S :: visited@Sham_RE	Tabari	al-Ṭabarī	Abū Ǧaʿfar Muḥammad b. Ǧarīr b. Yazīd b. Kaṯīr b. Ġālib al-Ṭabarī, al-Āmulī	6509939
0310Tabari.Tarikh.ShamAY0033812-ara2	0310	الطبري :: أبو جعفر محمد بن جرير بن يزيد بن كثير بن غالب الطبري، الآملي	Tabari :: al-Ṭabarī :: Abū Ǧaʿfar Muḥammad b. Ǧarīr b. Yazīd b. Kaṯīr b. Ġālib al-Ṭabarī, al-Āmulī	0310Tabari.Tarikh	تاريخ الطبري :: تاريخ الرسل والملوك	Tārīḫ al-Ṭabarī :: Tārīḫ al-rusul wa-l-mulūk	دار الكتب العلمية - بيروت	ShamAY0033812	sec	1456993	https://raw.githubusercontent.com/OpenITI/0325AH/master/data/0310Tabari/0310Tabari.Tarikh/0310Tabari.Tarikh.ShamAY0033812-ara2	 :: ShamAY@التاريخ :: born@AMUL_524E364N_S :: born@Daylam_RE :: died@BAGHDAD_443E333N_S :: resided@AMUL_524E364N_S :: resided@RAYY_515E356N_S :: resided@BAGHDAD_443E333N_S :: resided@KUFA_443E320N_S :: resided@BASRA_477E304N_S :: resided@WASIT_463E321N_S :: resided@FUSTAT_312E300N_S :: visited@MAKKA_398E213N_S :: visited@HIMS_367E347N_S :: visited@RAMLA_348E319N_S :: visited@ASQALAN_345E316N_S :: visited@Sham_RE	Tabari	al-Ṭabarī	Abū Ǧaʿfar Muḥammad b. Ǧarīr b. Yazīd b. Kaṯīr b. Ġālib al-Ṭabarī, al-Āmulī	5930590
0310Tabari.Tarikh.Shamela0009783BK1-ara1	0310	الطبري :: أبو جعفر محمد بن جرير بن يزيد بن كثير بن غالب الطبري، الآملي	Tabari :: al-Ṭabarī :: Abū Ǧaʿfar Muḥammad b. Ǧarīr b. Yazīd b. Kaṯīr b. Ġālib al-Ṭabarī, al-Āmulī	0310Tabari.Tarikh	تاريخ الطبري :: تاريخ الرسل والملوك	Tārīḫ al-Ṭabarī :: Tārīḫ al-rusul wa-l-mulūk	دار التراث - بيروت :: http://www.worldcat.org/oclc/934442375	Shamela0009783BK1	pri	1458897	https://raw.githubusercontent.com/OpenITI/0325AH/master/data/0310Tabari/0310Tabari.Tarikh/0310Tabari.Tarikh.Shamela0009783BK1-ara1.mARkdown	MARKDOWN ::  :: PARAGRAPHS :: POETRY :: Shamela@التاريخ :: born@AMUL_524E364N_S :: born@Daylam_RE :: died@BAGHDAD_443E333N_S :: resided@AMUL_524E364N_S :: resided@RAYY_515E356N_S :: resided@BAGHDAD_443E333N_S :: resided@KUFA_443E320N_S :: resided@BASRA_477E304N_S :: resided@WASIT_463E321N_S :: resided@FUSTAT_312E300N_S :: visited@MAKKA_398E213N_S :: visited@HIMS_367E347N_S :: visited@RAMLA_348E319N_S :: visited@ASQALAN_345E316N_S :: visited@Sham_RE	Tabari	al-Ṭabarī	Abū Ǧaʿfar Muḥammad b. Ǧarīr b. Yazīd b. Kaṯīr b. Ġālib al-Ṭabarī, al-Āmulī	5904741
0310Tabari.Tarikh.Shia003474Vols-ara3	0310	الطبري :: أبو جعفر محمد بن جرير بن يزيد بن كثير بن غالب الطبري، الآملي	Tabari :: al-Ṭabarī :: Abū Ǧaʿfar Muḥammad b. Ǧarīr b. Yazīd b. Kaṯīr b. Ġālib al-Ṭabarī, al-Āmulī	0310Tabari.Tarikh	تاريخ الطبري :: تاريخ الرسل والملوك	Tārīḫ al-Ṭabarī :: Tārīḫ al-rusul wa-l-mulūk	مراجعة وتصحيح وضبط : نخبة من العلماء الأجلاء :: 1403 - 1983 م	Shia003474Vols	sec	1463064	https://raw.githubusercontent.com/OpenITI/0325AH/master/data/0310Tabari/0310Tabari.Tarikh/0310Tabari.Tarikh.Shia003474Vols-ara3.inProgress	INPROGRESS :: CENT0400 :: CHR :: PPE :: _TARIKH :: GAL@historiography :: GAL@period-classical :: GAL@literature-islamic :: GAL@history :: GAL@history-imperial :: GAL@0750-1000CE :: GAL@literature-arabic :: GAL@history-world :: Shia@مصادر التاريخ :: born@AMUL_524E364N_S :: born@Daylam_RE :: died@BAGHDAD_443E333N_S :: resided@AMUL_524E364N_S :: resided@RAYY_515E356N_S :: resided@BAGHDAD_443E333N_S :: resided@KUFA_443E320N_S :: resided@BASRA_477E304N_S :: resided@WASIT_463E321N_S :: resided@FUSTAT_312E300N_S :: visited@MAKKA_398E213N_S :: visited@HIMS_367E347N_S :: visited@RAMLA_348E319N_S :: visited@ASQALAN_345E316N_S :: visited@Sham_RE	Tabari	al-Ṭabarī	Abū Ǧaʿfar Muḥammad b. Ǧarīr b. Yazīd b. Kaṯīr b. Ġālib al-Ṭabarī, al-Āmulī	5927210